id,text,gold,predicted,tag
tD287,"I know you can have pre and post build events at a project level, but I want to stop and start a service at the beginning and end of a build of the solution -- i.e. when I do a 'Build Solution' the service is stopped and the last action of the build is to re-start the service. There are no build events on the solution property page, so what should I do? I'm guessing that I can add tasks to the msbuild file but I'm afraid I don't understand the relationship between VS and msbuild at all. Does VS execute msbuild with the SLN file?",neutral,negative,contains SE jargon
sD54,"I am looking for a simple mode to to obtain automatic fit-to-window effect using a wx.grid.Grid object inside on of my window. By now my 4 column grid has many white space on the right but I find this very ugly, better if all column expand or collapse based on window size change! Is there a way to get this to works?",neutral,negative,mixed or contrastive
pA96,I think it speaks volumes about IE that the keyCodes for the arrow keys form an angry sad face: %&'( (works better in the comment text entry font),neutral,negative,other
sC79,"Oh, yea, didn't notice, answers below this one are at most half a year old.",neutral,negative,other
tC278,"I'm thinking of creating a small offline blog editor for personal use and I don't know how do the APIs work. Where can I find this information? I'm particularly looking for the most common providers: Blogger, Wordpress, MovableType, Live Spaces (not sure if this has an API) etc.",neutral,negative,other
tC213,"The first time I load the website in the production web server, it start very slow, subsequent pages load very quickly (included the home page). I precompiled the site, but nothing changes. I don't have any code at Application start. I don't have cached items. Any ideas? How can I find out what is happening?",neutral,negative,mixed or contrastive
sC377,"@PankajSharma no, this will still work, because of the GROUP BY clause",neutral,negative,other
tA272,"Well, keep in mind that (in theory) you have the original code to help, as well as the text of the log messages. The only thing that should be obfuscated would be the class and member names. In addition, many tools (Dotfuscator is one) create a map file to tell you what obfuscated construct name maps back to which original name - this can make it a pain to figure out exactly where the log messages come from, but nowhere near impossible.",neutral,negative,mixed or contrastive
tB6,"Here, I see `BAADF00D` (bad food), `BEEFCACE` (beef cake), `BAADCAB1E` (bad cable), `BADCAFE` (bad cafe), and `DEADDEAD` (dead dead). Is this intentional?",neutral,negative,contains SE jargon
sC220,where outf is a file gives me:,neutral,negative,other
tB281,Speed of data entry. We have data entry operators who hammer data in using the keyboard (and often just the numeric keypad) so it's impractical for them to reach for the mouse half way through an entry screen.,neutral,negative,other
tC325,"This question is still incredibly vague about what you are looking for. I guess your acceptance of an answer, however, lets us reverse engineer the problem.",neutral,negative,mixed or contrastive
tC407,I am about to reenter the MFC world after years away for a new job. What resources to people recommend for refreshing the memory? I have been doing mainly C# recently. Also any MFC centric websites or blogs that people recommend?,neutral,negative,other
sC208,"Why? If this works, why spend the time and effort? If you really hate it that much, write a function that encapsulates that bit of logic.",neutral,negative,short question
tC123,When I deploy my application on JBoss 5 the EJBs are created before the QueueService is started. Creation of Message Driven beans now fails miserably because the queues are not yet available: How can the deploy sequence be configured?,neutral,negative,contains SE jargon
sB474,"Having had some experience with using a thick client through VPN, I'd say go with some kind of web app. If done wrong, a thick client can become really painful to use through a VPN because of data churning. A web app concentrates all of that on the server, which makes it much better from that point of view. Other benefits: no deployment hassle no direct access to the database from the user machine. Evidently it also depends on your skills, and on how much time/budget you have...",neutral,negative,other
pB90,The first line sets the file name variables and sets the field separator to comma. The second line sets the output field separator to comma too. The third line prints lines with 3 fields to the new file; the fourth line prints lines with other than 3 fields to the error file.Note that your code would be excruciatingly slow on big files because it executes two processes per line. This code has only one process operating on the whole file which will be really important if the input grow to thousand or millions or more lines.,neutral,negative,contains SE jargon
tA383,"Here is the equivalent C prototype for the Delphi function: int csd_HandleData(char* aBuf, int aLen); Nothing earth-shattering, but maybe it will get an answer from someone afraid to contribute because of unfamiliarity with Delphi.",neutral,negative,mixed or contrastive
sC387,i would reccomend you rewrite the bad code. Even if its really painful.,neutral,negative,other
sD274,Try to add the complete failed message in the question!,neutral,negative,contains SE jargon
sD235,"Hi I am developing an android app a musicplayer.It works well except when you hit back key of your phone. It keeps playing song in back ground which is very desirable,but when you open the application again to pause or stop it does not works . I guess a new instance of the application is created on opening the app again. I dont want to create a new instance i want to open the older one to stop it.I hope i am clear.Is there any way to do this.",neutral,negative,mixed or contrastive
sC455,"The function is written to expect an array, but you're passing it an integer. Did you mean ? (That does at least print a list of numbers, but I'm afraid many of them are not primes!)",neutral,negative,mixed or contrastive
sB585,@Pangea it's *Rogerio*,neutral,negative,other
sA364,"This is a common problem, and it's not a matter of ""PHP is lying to me!"" You have to understand how PHP sends the emails, and how servers interpret and process them. Your email host is likely interpreting these emails as spam, and sending them to a quarantine folder. None of this has anything to do with how PHP is handling your email.",neutral,negative,other
tD3,"The STL might be simple, but that's only one part of the C++ standard library. The iostreams library have nothing to do with (what was once) the STL. STL is basically contianers + iterators + algorithms. Iostreams, locales and all that has a completely different origin, and is generally a pain to work with ;)",neutral,negative,mixed or contrastive
tC270,"I have an image and on it are logos (it's a map), I want to have a little box popup with information about that logo's location when the user moves their mouse over said logo. Can I do this without using a javascript framework and if so, are there any small libraries/scripts that will let me do such a thing?",neutral,negative,other
sA473,Overall bytes includes those that have been released and is a running total of what has been allocated to your app during the lifetime of the app. The Live Bytes is the one to really worry about as that is the one that shows bytes that are currently allocated. Overall bytes could keep going on forever as long as you release stuff and the Live Bytes doesn't go too high then you will have no problems. From that screenshot live bytes looks ok. There are more details here,neutral,negative,other
tD147,"I'm using this installation for a non-networked demo of the application, and I'll only have my laptop there. I toyed with a virtual machine on my laptop, though I'm afraid the speed would hamper my demo.",neutral,negative,mixed or contrastive
tC115,"Make it work with all browsers up front. This will mean extra testing during development but will cause you less pain later. I find it's usually easier to diagnose problems if I've just developed the thing, rather than coming back later and trying to figure it out...along with a list of other issues.",neutral,negative,mixed or contrastive
tD127,"When contributing to a very old, and apparently no longer maintained, open-source or public domain project, is it suggested practice to follow the original author's coding style even if it is terrible? More importantly, are there any reasons why one would want to follow the original author's coding style rather than clean it up significantly?",neutral,negative,other
tA59,"I always try to avoid to return string literals, because I fear they aren't defined outside of the function. But I'm not sure if this is the case. Let's take, for example, this function: Is this correct code? It does work for me, but maybe it only works for my compiler (gcc). So the question is, do (string) literals have a scope or are they present/defined all the time.",neutral,negative,mixed or contrastive
tA123,"I'm trying to customize some TFS work items via the VS2008 xml editor, but every time I open a work item xml file it jumps to the graphical designer. All that gives me is a ""View XML"" button that doesn't let you edit the xml directly.",neutral,negative,mixed or contrastive
pA73,"Okay, I see your confusion and edited my response with some sample code/an appropriate link to wikipedia. You are confusing the entropy of the model's probability distribution with the cross entropy (or likelihood) of the predictions it makes on real data. Consider a model that assigns probability 1 to some event and probability 0 to everything else. It has 0 entropy, but makes absolutely terrible predictions on any testing distribution that isn't a purely non-random sequence, assigning 0 probability to events that actually happen.",neutral,negative,mixed or contrastive
tC465,"x86 processors suffer a ""partial register stall"" if you, say, write to `ax` and then try to read from `eax`. Something to be aware of if you're mixing 16- and 32-bit operations.",neutral,negative,other
sD111,It seems the rano.org-link is working again.,neutral,negative,other
pC57,"I know that, that's why I wrote unsupported (exclamation mark). It was just meant as an aside and isn't central to the question.",neutral,negative,other
